SET IDENTITY_INSERT [SYS_ORGANIZATION] ON
INSERT [SYS_ORGANIZATION] ([ID], [PARENT_ID], [ORGANIZATION_NAME], [ORGANIZATION_NO], [ORGANIZATION_DESC], [CREATE_TIME], [CREATE_USER], [LAST_UPDATE_USER], [LAST_UPDATE_TIME], [VERSION], [ORGANIZATION_CODE], [PARENT_ORGANIZATION_CODE]) VALUES (CAST(1 AS Numeric(38, 0)), NULL, N'公司', CAST(1 AS Numeric(10, 0)), N'', NULL, NULL, NULL, NULL, CAST(1 AS Numeric(38, 0)), N'100', N'')
SET IDENTITY_INSERT [SYS_ORGANIZATION] OFF

SET IDENTITY_INSERT [SYS_DICTIONARY_TYPE] ON
INSERT [SYS_DICTIONARY_TYPE] ([ID], [DICT_TYPE_NAME], [DICT_TYPE_DESC], [TYPE], [DICT_TYPE_KEY], [CREATE_TIME], [CREATE_USER], [LAST_UPDATE_USER], [LAST_UPDATE_TIME], [VERSION]) VALUES (CAST(1 AS Numeric(38, 0)), N'语言类别', NULL, N'0', N'SYS_LOCALE_DICT', NULL, NULL, NULL, NULL, NULL)
SET IDENTITY_INSERT [SYS_DICTIONARY_TYPE] OFF

SET IDENTITY_INSERT [SYS_DICTIONARY] ON
INSERT [SYS_DICTIONARY] ([ID], [DICT_TYPE_ID], [DICT_NAME], [DICT_VALUE], [STATUS], [DICT_DESC], [DICT_LOCALE], [CREATE_TIME], [CREATE_USER], [LAST_UPDATE_USER], [LAST_UPDATE_TIME], [VERSION]) VALUES (CAST(1 AS Numeric(38, 0)), CAST(1 AS Numeric(38, 0)), N'简体中文', N'zh_CN', N'1', NULL, N'zh_CN', NULL, NULL, NULL, NULL, NULL)
INSERT [SYS_DICTIONARY] ([ID], [DICT_TYPE_ID], [DICT_NAME], [DICT_VALUE], [STATUS], [DICT_DESC], [DICT_LOCALE], [CREATE_TIME], [CREATE_USER], [LAST_UPDATE_USER], [LAST_UPDATE_TIME], [VERSION]) VALUES (CAST(2 AS Numeric(38, 0)), CAST(1 AS Numeric(38, 0)), N'繁体中文', N'zh_TW', N'1', NULL, N'zh_CN', NULL, NULL, NULL, NULL, NULL)
INSERT [SYS_DICTIONARY] ([ID], [DICT_TYPE_ID], [DICT_NAME], [DICT_VALUE], [STATUS], [DICT_DESC], [DICT_LOCALE], [CREATE_TIME], [CREATE_USER], [LAST_UPDATE_USER], [LAST_UPDATE_TIME], [VERSION]) VALUES (CAST(3 AS Numeric(38, 0)), CAST(1 AS Numeric(38, 0)), N'英语', N'en', N'1', NULL, N'zh_CN', NULL, NULL, NULL, NULL, NULL)
SET IDENTITY_INSERT [SYS_DICTIONARY] OFF

SET IDENTITY_INSERT [SYS_ROLE] ON
INSERT [SYS_ROLE] ([ID], [ORGANIZATION_ID], [ROLE_NAME], [ROLE_DESC], [ROLE_STATUS], [CREATE_TIME], [CREATE_USER], [LAST_UPDATE_USER], [LAST_UPDATE_TIME], [VERSION]) VALUES (CAST(1 AS Numeric(38, 0)), CAST(1 AS Numeric(38, 0)), N'超级管理员', N'超级管理员', N'1', NULL, NULL, NULL, NULL, CAST(8 AS Numeric(38, 0)))
SET IDENTITY_INSERT [SYS_ROLE] OFF

SET IDENTITY_INSERT [SYS_USER] ON
INSERT [SYS_USER] ([ID], [LOGIN_NAME], [PASSWORD], [ORGANIZATION_ID], [MANAGER_ID], [REMOTE_LOGIN], [REAL_NAME], [SEX], [PHONE], [MOBILE_PHONE], [FAX], [EMAIL], [ADDRESS], [STATUS], [CREATE_USER], [CREATE_TIME], [LAST_UPDATE_USER], [LAST_UPDATE_TIME], [VERSION], [ALLOWERROR], [ALLEDYERROR], [REMARK], [IS_SUPER_ADMIN], [EMPLOYEE_ID], [NICKNAME]) VALUES (CAST(1 AS Numeric(38, 0)), N'admin', N'b594510740d2ac4261c1b2fe87850d08', CAST(1 AS Numeric(38, 0)), NULL, N'1', N'admin', N'0', NULL, N'', N'', N'', N'', N'1', NULL, NULL, NULL, NULL, CAST(32 AS Numeric(38, 0)), NULL, NULL, NULL, N'1', N'admin', N'admin')
SET IDENTITY_INSERT [SYS_USER] OFF
INSERT [SYS_USER_TO_ROLE] ([USER_ID], [ROLE_ID]) VALUES (CAST(1 AS Numeric(38, 0)), CAST(1 AS Numeric(38, 0)))

SET IDENTITY_INSERT [SYS_DESKTOP] ON
INSERT [SYS_DESKTOP] ([ID], [TITLE], [KEY_VAL], [TYPE], [LAYOUT_TYPE], [LAYOUT_VAL], [LEVEL_VAL], [DISPLAY_NUM], [MODULE_URL], [DATA_URL], [SOURCE_TYPE], [SOURCE], [HEIGHT], [FONT_NUM], [CREATE_USER], [CREATE_TIME], [LAST_UPDATE_USER], [LAST_UPDATE_TIME], [VERSION], [PARENT_ID]) VALUES (CAST(1 AS Numeric(38, 0)), N'个人门户', N'个人', N'', N'90%', N'p3,p4', CAST(1 AS Numeric(2, 0)), CAST(2 AS Numeric(5, 0)), N'', N'2', N'', N'', CAST(200 AS Numeric(5, 0)), CAST(2 AS Numeric(5, 0)), CAST(1 AS Numeric(38, 0)), NULL, CAST(1 AS Numeric(38, 0)), CAST(0x0000A0ED0119903C AS DateTime), CAST(133 AS Numeric(38, 0)), NULL)
INSERT [SYS_DESKTOP] ([ID], [TITLE], [KEY_VAL], [TYPE], [LAYOUT_TYPE], [LAYOUT_VAL], [LEVEL_VAL], [DISPLAY_NUM], [MODULE_URL], [DATA_URL], [SOURCE_TYPE], [SOURCE], [HEIGHT], [FONT_NUM], [CREATE_USER], [CREATE_TIME], [LAST_UPDATE_USER], [LAST_UPDATE_TIME], [VERSION], [PARENT_ID]) VALUES (CAST(2 AS Numeric(38, 0)), N'公司门户', N'公司', N'', N'90%', N'', CAST(1 AS Numeric(2, 0)), NULL, N'', N'', N'', N'', CAST(200 AS Numeric(5, 0)), NULL, CAST(1 AS Numeric(38, 0)), NULL, CAST(1 AS Numeric(38, 0)), CAST(0x0000A0EC00E60B63 AS DateTime), CAST(42 AS Numeric(38, 0)), NULL)
INSERT [SYS_DESKTOP] ([ID], [TITLE], [KEY_VAL], [TYPE], [LAYOUT_TYPE], [LAYOUT_VAL], [LEVEL_VAL], [DISPLAY_NUM], [MODULE_URL], [DATA_URL], [SOURCE_TYPE], [SOURCE], [HEIGHT], [FONT_NUM], [CREATE_USER], [CREATE_TIME], [LAST_UPDATE_USER], [LAST_UPDATE_TIME], [VERSION], [PARENT_ID]) VALUES (CAST(4 AS Numeric(38, 0)), N'新闻', N'新闻', N'picList', N'', NULL, CAST(2 AS Numeric(2, 0)), CAST(20 AS Numeric(5, 0)), N'sys/notice/news!newsToUserList', N'sys/notice/news!viewNews.action?id=', N'sql', N'select a.id as id,a.title as title,a.create_time as createTime,a.create_user as createUser, b.FILE_PATH as src from SYS_NEWS a left join SYS_ATTACH_DETAIL b on a.ATM_ID = b.ATTACH_ID
where a.ATM_ID is not null and b.ID in (select MIN(c.ID) from SYS_ATTACH_DETAIL c where c.ATTACH_ID = a.ATM_ID group by c.ATTACH_ID)', CAST(350 AS Numeric(5, 0)), CAST(333 AS Numeric(5, 0)), CAST(1 AS Numeric(38, 0)), NULL, CAST(1 AS Numeric(38, 0)), CAST(0x0000A0F50094E02D AS DateTime), CAST(9 AS Numeric(38, 0)), CAST(1 AS Numeric(38, 0)))
SET IDENTITY_INSERT [SYS_DESKTOP] OFF

INSERT [SYS_DESKTOP_TO_ROLE] ([DESKTOP_ID], [ROLE_ID]) VALUES (CAST(1 AS Numeric(38, 0)), CAST(1 AS Numeric(38, 0)))
INSERT [SYS_DESKTOP_TO_ROLE] ([DESKTOP_ID], [ROLE_ID]) VALUES (CAST(2 AS Numeric(38, 0)), CAST(1 AS Numeric(38, 0)))
INSERT [SYS_DESKTOP_TO_ROLE] ([DESKTOP_ID], [ROLE_ID]) VALUES (CAST(4 AS Numeric(38, 0)), CAST(1 AS Numeric(38, 0)))

SET IDENTITY_INSERT [SYS_RESOURCE] ON
INSERT [SYS_RESOURCE] ([ID], [RESOURCE_NAME], [RESOURCE_SIGN], [RESOURCE_TYPE], [PARENT_ID], [RESOURCE_ICON], [OPEN_TYPE], [RESOURCE_STATUS], [RESOURCE_NO], [RESOURCE_URL], [RESOURCE_LEVEL], [CREATE_USER], [CREATE_TIME], [REMARK], [LAST_UPDATE_USER], [LAST_UPDATE_TIME], [VERSION], [LOG_RULE]) VALUES (CAST(2 AS Numeric(38, 0)), N'系统管理', N'RES_SYSTEM_MNG', N'0', NULL, 'icon-gnome-preferences-system', NULL, N'1', CAST(100 AS Numeric(10, 0)), N'', N'1', NULL, NULL, NULL, NULL, NULL, CAST(1 AS Numeric(38, 0)), N'系统管理')
INSERT [SYS_RESOURCE] ([ID], [RESOURCE_NAME], [RESOURCE_SIGN], [RESOURCE_TYPE], [PARENT_ID], [RESOURCE_ICON], [OPEN_TYPE], [RESOURCE_STATUS], [RESOURCE_NO], [RESOURCE_URL], [RESOURCE_LEVEL], [CREATE_USER], [CREATE_TIME], [REMARK], [LAST_UPDATE_USER], [LAST_UPDATE_TIME], [VERSION], [LOG_RULE]) VALUES (CAST(3 AS Numeric(38, 0)), N'用户管理', N'RES_USER_MNG', N'0', CAST(2 AS Numeric(38, 0)), 'icon-user-new', NULL, N'1', CAST(101 AS Numeric(10, 0)), N'/sys/account/user.action', N'2', NULL, NULL, NULL, NULL, NULL, CAST(1 AS Numeric(38, 0)), N'用户管理')
INSERT [SYS_RESOURCE] ([ID], [RESOURCE_NAME], [RESOURCE_SIGN], [RESOURCE_TYPE], [PARENT_ID], [RESOURCE_ICON], [OPEN_TYPE], [RESOURCE_STATUS], [RESOURCE_NO], [RESOURCE_URL], [RESOURCE_LEVEL], [CREATE_USER], [CREATE_TIME], [REMARK], [LAST_UPDATE_USER], [LAST_UPDATE_TIME], [VERSION], [LOG_RULE]) VALUES (CAST(4 AS Numeric(38, 0)), N'日志管理', N'RES_LOG_MNG', N'0', CAST(2 AS Numeric(38, 0)), 'icon-contacts-ico', NULL, N'1', CAST(102 AS Numeric(10, 0)), N'/sys/log/log.action', N'2', NULL, NULL, NULL, NULL, NULL, CAST(1 AS Numeric(38, 0)), N'日志管理')
INSERT [SYS_RESOURCE] ([ID], [RESOURCE_NAME], [RESOURCE_SIGN], [RESOURCE_TYPE], [PARENT_ID], [RESOURCE_ICON], [OPEN_TYPE], [RESOURCE_STATUS], [RESOURCE_NO], [RESOURCE_URL], [RESOURCE_LEVEL], [CREATE_USER], [CREATE_TIME], [REMARK], [LAST_UPDATE_USER], [LAST_UPDATE_TIME], [VERSION], [LOG_RULE]) VALUES (CAST(5 AS Numeric(38, 0)), N'在线用户管理', N'RES_ONLINE_USER_MNG', N'0', CAST(2 AS Numeric(38, 0)), 'icon-users', NULL, N'1', CAST(103 AS Numeric(10, 0)), N'/sys/account/online-user.action', N'2', NULL, NULL, NULL, NULL, NULL, CAST(1 AS Numeric(38, 0)), N'在线用户管理')
INSERT [SYS_RESOURCE] ([ID], [RESOURCE_NAME], [RESOURCE_SIGN], [RESOURCE_TYPE], [PARENT_ID], [RESOURCE_ICON], [OPEN_TYPE], [RESOURCE_STATUS], [RESOURCE_NO], [RESOURCE_URL], [RESOURCE_LEVEL], [CREATE_USER], [CREATE_TIME], [REMARK], [LAST_UPDATE_USER], [LAST_UPDATE_TIME], [VERSION], [LOG_RULE]) VALUES (CAST(6 AS Numeric(38, 0)), N'异常日志管理', N'RES_EXP_LOG_MNG', N'0', CAST(2 AS Numeric(38, 0)), 'icon-program_Group', NULL, N'1', CAST(104 AS Numeric(10, 0)), N'/sys/log/exp-log.action', N'2', NULL, NULL, NULL, NULL, NULL, CAST(1 AS Numeric(38, 0)), N'异常日志管理')
INSERT [SYS_RESOURCE] ([ID], [RESOURCE_NAME], [RESOURCE_SIGN], [RESOURCE_TYPE], [PARENT_ID], [RESOURCE_ICON], [OPEN_TYPE], [RESOURCE_STATUS], [RESOURCE_NO], [RESOURCE_URL], [RESOURCE_LEVEL], [CREATE_USER], [CREATE_TIME], [REMARK], [LAST_UPDATE_USER], [LAST_UPDATE_TIME], [VERSION], [LOG_RULE]) VALUES (CAST(7 AS Numeric(38, 0)), N'部署管理', N'RES_UPGRADE', N'0', CAST(2 AS Numeric(38, 0)), 'icon-gnome-utilities-terminal', NULL, N'1', CAST(106 AS Numeric(10, 0)), N'/sys/upgrade/upgrade.action', N'2', NULL, NULL, NULL, NULL, NULL, CAST(1 AS Numeric(38, 0)), N'部署管理')
INSERT [SYS_RESOURCE] ([ID], [RESOURCE_NAME], [RESOURCE_SIGN], [RESOURCE_TYPE], [PARENT_ID], [RESOURCE_ICON], [OPEN_TYPE], [RESOURCE_STATUS], [RESOURCE_NO], [RESOURCE_URL], [RESOURCE_LEVEL], [CREATE_USER], [CREATE_TIME], [REMARK], [LAST_UPDATE_USER], [LAST_UPDATE_TIME], [VERSION], [LOG_RULE]) VALUES (CAST(8 AS Numeric(38, 0)), N'授权管理', N'RES_AUT_MNG', N'0', CAST(2 AS Numeric(38, 0)), 'icon-computer', NULL, N'1', CAST(105 AS Numeric(10, 0)), N'/sys/account/authority!init.action', N'2', NULL, NULL, NULL, NULL, NULL, CAST(1 AS Numeric(38, 0)), N'授权管理')
INSERT [SYS_RESOURCE] ([ID], [RESOURCE_NAME], [RESOURCE_SIGN], [RESOURCE_TYPE], [PARENT_ID], [RESOURCE_ICON], [OPEN_TYPE], [RESOURCE_STATUS], [RESOURCE_NO], [RESOURCE_URL], [RESOURCE_LEVEL], [CREATE_USER], [CREATE_TIME], [REMARK], [LAST_UPDATE_USER], [LAST_UPDATE_TIME], [VERSION], [LOG_RULE]) VALUES (CAST(9 AS Numeric(38, 0)), N'资源管理', N'RES_RES_MNG', N'0', CAST(2 AS Numeric(38, 0)), 'icon-pictures', NULL, N'1', CAST(106 AS Numeric(10, 0)), N'/sys/account/authority!initResource.action', N'2', NULL, NULL, NULL, NULL, NULL, CAST(1 AS Numeric(38, 0)), N'资源管理')
INSERT [SYS_RESOURCE] ([ID], [RESOURCE_NAME], [RESOURCE_SIGN], [RESOURCE_TYPE], [PARENT_ID], [RESOURCE_ICON], [OPEN_TYPE], [RESOURCE_STATUS], [RESOURCE_NO], [RESOURCE_URL], [RESOURCE_LEVEL], [CREATE_USER], [CREATE_TIME], [REMARK], [LAST_UPDATE_USER], [LAST_UPDATE_TIME], [VERSION], [LOG_RULE]) VALUES (CAST(10 AS Numeric(38, 0)), N'通知管理', N'RES_TZGL', N'0', CAST(2 AS Numeric(38, 0)), 'icon-e-Mail', N'0', N'1', CAST(10 AS Numeric(10, 0)), N'/sys/notice/notice.action', N'2', CAST(1 AS Numeric(38, 0)), CAST(0x0000A0C50123EE76 AS DateTime), N'', NULL, CAST(0x0000A0CA00DDDE00 AS DateTime), CAST(6 AS Numeric(38, 0)), N'通知管理')
INSERT [SYS_RESOURCE] ([ID], [RESOURCE_NAME], [RESOURCE_SIGN], [RESOURCE_TYPE], [PARENT_ID], [RESOURCE_ICON], [OPEN_TYPE], [RESOURCE_STATUS], [RESOURCE_NO], [RESOURCE_URL], [RESOURCE_LEVEL], [CREATE_USER], [CREATE_TIME], [REMARK], [LAST_UPDATE_USER], [LAST_UPDATE_TIME], [VERSION], [LOG_RULE]) VALUES (CAST(11 AS Numeric(38, 0)), N'新闻公告管理', N'RES_XWGL', N'0', CAST(2 AS Numeric(38, 0)), 'icon-textDocument', N'0', N'1', CAST(11 AS Numeric(10, 0)), N'/sys/notice/news.action', N'2', CAST(1 AS Numeric(38, 0)), CAST(0x0000A0CA00DE7CCA AS DateTime), N'', NULL, CAST(0x0000A0CA00E130DF AS DateTime), CAST(3 AS Numeric(38, 0)), N'新闻公告管理')
INSERT [SYS_RESOURCE] ([ID], [RESOURCE_NAME], [RESOURCE_SIGN], [RESOURCE_TYPE], [PARENT_ID], [RESOURCE_ICON], [OPEN_TYPE], [RESOURCE_STATUS], [RESOURCE_NO], [RESOURCE_URL], [RESOURCE_LEVEL], [CREATE_USER], [CREATE_TIME], [REMARK], [LAST_UPDATE_USER], [LAST_UPDATE_TIME], [VERSION], [LOG_RULE]) VALUES (CAST(12 AS Numeric(38, 0)), N'通知查询', N'RES_TZCX', N'0', CAST(2 AS Numeric(38, 0)), 'icon-gnome-phone', N'0', N'1', CAST(12 AS Numeric(10, 0)), N'/sys/notice/notice!noticeToUserList.action', N'2', CAST(1 AS Numeric(38, 0)), CAST(0x0000A0CB0106D363 AS DateTime), N'', NULL, CAST(0x0000A0CC013ECA58 AS DateTime), CAST(12 AS Numeric(38, 0)), N'通知查询')
INSERT [SYS_RESOURCE] ([ID], [RESOURCE_NAME], [RESOURCE_SIGN], [RESOURCE_TYPE], [PARENT_ID], [RESOURCE_ICON], [OPEN_TYPE], [RESOURCE_STATUS], [RESOURCE_NO], [RESOURCE_URL], [RESOURCE_LEVEL], [CREATE_USER], [CREATE_TIME], [REMARK], [LAST_UPDATE_USER], [LAST_UPDATE_TIME], [VERSION], [LOG_RULE]) VALUES (CAST(13 AS Numeric(38, 0)), N'新闻公告查询', N'RES_XWCX', N'0', CAST(2 AS Numeric(38, 0)), 'icon-search-new', N'0', N'1', CAST(13 AS Numeric(10, 0)), N'/sys/notice/news!newsToUserList.action', N'2', CAST(1 AS Numeric(38, 0)), CAST(0x0000A0CB011BCBBF AS DateTime), N'', NULL, CAST(0x0000A0CD00AF0B62 AS DateTime), CAST(2 AS Numeric(38, 0)), N'新闻公告查询')
INSERT [SYS_RESOURCE] ([ID], [RESOURCE_NAME], [RESOURCE_SIGN], [RESOURCE_TYPE], [PARENT_ID], [RESOURCE_ICON], [OPEN_TYPE], [RESOURCE_STATUS], [RESOURCE_NO], [RESOURCE_URL], [RESOURCE_LEVEL], [CREATE_USER], [CREATE_TIME], [REMARK], [LAST_UPDATE_USER], [LAST_UPDATE_TIME], [VERSION], [LOG_RULE]) VALUES (CAST(14 AS Numeric(38, 0)), N'桌面管理', N'RES_ZMGL', N'0', CAST(2 AS Numeric(38, 0)), 'icon-desktop', N'0', N'1', CAST(14 AS Numeric(10, 0)), N'/sys/desktop/desktop.action', N'2', CAST(1 AS Numeric(38, 0)), CAST(0x0000A0D6010FFACF AS DateTime), N'', NULL, CAST(0x0000A0D60118E891 AS DateTime), CAST(2 AS Numeric(38, 0)), N'桌面管理')
SET IDENTITY_INSERT [SYS_RESOURCE] OFF

INSERT [SYS_RESOURCE_TO_ROLE] ([ROLE_ID], [RESOURCE_ID]) VALUES (CAST(1 AS Numeric(38, 0)), CAST(2 AS Numeric(38, 0)))
INSERT [SYS_RESOURCE_TO_ROLE] ([ROLE_ID], [RESOURCE_ID]) VALUES (CAST(1 AS Numeric(38, 0)), CAST(3 AS Numeric(38, 0)))
INSERT [SYS_RESOURCE_TO_ROLE] ([ROLE_ID], [RESOURCE_ID]) VALUES (CAST(1 AS Numeric(38, 0)), CAST(4 AS Numeric(38, 0)))
INSERT [SYS_RESOURCE_TO_ROLE] ([ROLE_ID], [RESOURCE_ID]) VALUES (CAST(1 AS Numeric(38, 0)), CAST(5 AS Numeric(38, 0)))
INSERT [SYS_RESOURCE_TO_ROLE] ([ROLE_ID], [RESOURCE_ID]) VALUES (CAST(1 AS Numeric(38, 0)), CAST(6 AS Numeric(38, 0)))
INSERT [SYS_RESOURCE_TO_ROLE] ([ROLE_ID], [RESOURCE_ID]) VALUES (CAST(1 AS Numeric(38, 0)), CAST(7 AS Numeric(38, 0)))
INSERT [SYS_RESOURCE_TO_ROLE] ([ROLE_ID], [RESOURCE_ID]) VALUES (CAST(1 AS Numeric(38, 0)), CAST(8 AS Numeric(38, 0)))
INSERT [SYS_RESOURCE_TO_ROLE] ([ROLE_ID], [RESOURCE_ID]) VALUES (CAST(1 AS Numeric(38, 0)), CAST(9 AS Numeric(38, 0)))
INSERT [SYS_RESOURCE_TO_ROLE] ([ROLE_ID], [RESOURCE_ID]) VALUES (CAST(1 AS Numeric(38, 0)), CAST(10 AS Numeric(38, 0)))
INSERT [SYS_RESOURCE_TO_ROLE] ([ROLE_ID], [RESOURCE_ID]) VALUES (CAST(1 AS Numeric(38, 0)), CAST(11 AS Numeric(38, 0)))
INSERT [SYS_RESOURCE_TO_ROLE] ([ROLE_ID], [RESOURCE_ID]) VALUES (CAST(1 AS Numeric(38, 0)), CAST(12 AS Numeric(38, 0)))
INSERT [SYS_RESOURCE_TO_ROLE] ([ROLE_ID], [RESOURCE_ID]) VALUES (CAST(1 AS Numeric(38, 0)), CAST(13 AS Numeric(38, 0)))
INSERT [SYS_RESOURCE_TO_ROLE] ([ROLE_ID], [RESOURCE_ID]) VALUES (CAST(1 AS Numeric(38, 0)), CAST(14 AS Numeric(38, 0)))

SET IDENTITY_INSERT [SYS_RESOURCE_LOCALE] ON
INSERT [SYS_RESOURCE_LOCALE] ([ID], [RESOURCE_ID], [RESOURCE_NAME], [RESOURCE_LOCALE]) VALUES (CAST(1 AS Numeric(38, 0)), CAST(2 AS Numeric(38, 0)), N'系统管理', N'zh_CN')
INSERT [SYS_RESOURCE_LOCALE] ([ID], [RESOURCE_ID], [RESOURCE_NAME], [RESOURCE_LOCALE]) VALUES (CAST(2 AS Numeric(38, 0)), CAST(2 AS Numeric(38, 0)), N'系統管理', N'zh_TW')
INSERT [SYS_RESOURCE_LOCALE] ([ID], [RESOURCE_ID], [RESOURCE_NAME], [RESOURCE_LOCALE]) VALUES (CAST(3 AS Numeric(38, 0)), CAST(2 AS Numeric(38, 0)), N'System Manage', N'en')
INSERT [SYS_RESOURCE_LOCALE] ([ID], [RESOURCE_ID], [RESOURCE_NAME], [RESOURCE_LOCALE]) VALUES (CAST(4 AS Numeric(38, 0)), CAST(3 AS Numeric(38, 0)), N'用户管理', N'zh_CN')
INSERT [SYS_RESOURCE_LOCALE] ([ID], [RESOURCE_ID], [RESOURCE_NAME], [RESOURCE_LOCALE]) VALUES (CAST(5 AS Numeric(38, 0)), CAST(3 AS Numeric(38, 0)), N'用戶管理', N'zh_TW')
INSERT [SYS_RESOURCE_LOCALE] ([ID], [RESOURCE_ID], [RESOURCE_NAME], [RESOURCE_LOCALE]) VALUES (CAST(6 AS Numeric(38, 0)), CAST(3 AS Numeric(38, 0)), N'User Manage', N'en')
INSERT [SYS_RESOURCE_LOCALE] ([ID], [RESOURCE_ID], [RESOURCE_NAME], [RESOURCE_LOCALE]) VALUES (CAST(7 AS Numeric(38, 0)), CAST(4 AS Numeric(38, 0)), N'日志管理', N'zh_CN')
INSERT [SYS_RESOURCE_LOCALE] ([ID], [RESOURCE_ID], [RESOURCE_NAME], [RESOURCE_LOCALE]) VALUES (CAST(8 AS Numeric(38, 0)), CAST(4 AS Numeric(38, 0)), N'日誌管理', N'zh_TW')
INSERT [SYS_RESOURCE_LOCALE] ([ID], [RESOURCE_ID], [RESOURCE_NAME], [RESOURCE_LOCALE]) VALUES (CAST(9 AS Numeric(38, 0)), CAST(4 AS Numeric(38, 0)), N'Log Manage', N'en')
INSERT [SYS_RESOURCE_LOCALE] ([ID], [RESOURCE_ID], [RESOURCE_NAME], [RESOURCE_LOCALE]) VALUES (CAST(10 AS Numeric(38, 0)), CAST(5 AS Numeric(38, 0)), N'在线用户管理', N'zh_CN')
INSERT [SYS_RESOURCE_LOCALE] ([ID], [RESOURCE_ID], [RESOURCE_NAME], [RESOURCE_LOCALE]) VALUES (CAST(11 AS Numeric(38, 0)), CAST(5 AS Numeric(38, 0)), N'在綫用戶管理', N'zh_TW')
INSERT [SYS_RESOURCE_LOCALE] ([ID], [RESOURCE_ID], [RESOURCE_NAME], [RESOURCE_LOCALE]) VALUES (CAST(12 AS Numeric(38, 0)), CAST(5 AS Numeric(38, 0)), N'OnlineUser Manage', N'en')
INSERT [SYS_RESOURCE_LOCALE] ([ID], [RESOURCE_ID], [RESOURCE_NAME], [RESOURCE_LOCALE]) VALUES (CAST(13 AS Numeric(38, 0)), CAST(6 AS Numeric(38, 0)), N'异常日志管理', N'zh_CN')
INSERT [SYS_RESOURCE_LOCALE] ([ID], [RESOURCE_ID], [RESOURCE_NAME], [RESOURCE_LOCALE]) VALUES (CAST(14 AS Numeric(38, 0)), CAST(6 AS Numeric(38, 0)), N'異常日誌管理', N'zh_TW')
INSERT [SYS_RESOURCE_LOCALE] ([ID], [RESOURCE_ID], [RESOURCE_NAME], [RESOURCE_LOCALE]) VALUES (CAST(15 AS Numeric(38, 0)), CAST(6 AS Numeric(38, 0)), N'ExceptionLog Manage', N'en')
INSERT [SYS_RESOURCE_LOCALE] ([ID], [RESOURCE_ID], [RESOURCE_NAME], [RESOURCE_LOCALE]) VALUES (CAST(24 AS Numeric(38, 0)), CAST(7 AS Numeric(38, 0)), N'部署管理', N'zh_CN')
INSERT [SYS_RESOURCE_LOCALE] ([ID], [RESOURCE_ID], [RESOURCE_NAME], [RESOURCE_LOCALE]) VALUES (CAST(25 AS Numeric(38, 0)), CAST(7 AS Numeric(38, 0)), N'部署管理', N'zh_TW')
INSERT [SYS_RESOURCE_LOCALE] ([ID], [RESOURCE_ID], [RESOURCE_NAME], [RESOURCE_LOCALE]) VALUES (CAST(26 AS Numeric(38, 0)), CAST(7 AS Numeric(38, 0)), N'Upgrade Manager', N'en')
INSERT [SYS_RESOURCE_LOCALE] ([ID], [RESOURCE_ID], [RESOURCE_NAME], [RESOURCE_LOCALE]) VALUES (CAST(27 AS Numeric(38, 0)), CAST(8 AS Numeric(38, 0)), N'授权管理', N'zh_CN')
INSERT [SYS_RESOURCE_LOCALE] ([ID], [RESOURCE_ID], [RESOURCE_NAME], [RESOURCE_LOCALE]) VALUES (CAST(28 AS Numeric(38, 0)), CAST(8 AS Numeric(38, 0)), N'授權管理', N'zh_TW')
INSERT [SYS_RESOURCE_LOCALE] ([ID], [RESOURCE_ID], [RESOURCE_NAME], [RESOURCE_LOCALE]) VALUES (CAST(29 AS Numeric(38, 0)), CAST(8 AS Numeric(38, 0)), N'Authorization Manage', N'en')
INSERT [SYS_RESOURCE_LOCALE] ([ID], [RESOURCE_ID], [RESOURCE_NAME], [RESOURCE_LOCALE]) VALUES (CAST(30 AS Numeric(38, 0)), CAST(9 AS Numeric(38, 0)), N'资源管理', N'zh_CN')
INSERT [SYS_RESOURCE_LOCALE] ([ID], [RESOURCE_ID], [RESOURCE_NAME], [RESOURCE_LOCALE]) VALUES (CAST(31 AS Numeric(38, 0)), CAST(9 AS Numeric(38, 0)), N'資源管理', N'zh_TW')
INSERT [SYS_RESOURCE_LOCALE] ([ID], [RESOURCE_ID], [RESOURCE_NAME], [RESOURCE_LOCALE]) VALUES (CAST(33 AS Numeric(38, 0)), CAST(9 AS Numeric(38, 0)), N'Resource Manage', N'en')
INSERT [SYS_RESOURCE_LOCALE] ([ID], [RESOURCE_ID], [RESOURCE_NAME], [RESOURCE_LOCALE]) VALUES (CAST(83 AS Numeric(38, 0)), CAST(10 AS Numeric(38, 0)), N'Notice Manager', N'en')
INSERT [SYS_RESOURCE_LOCALE] ([ID], [RESOURCE_ID], [RESOURCE_NAME], [RESOURCE_LOCALE]) VALUES (CAST(84 AS Numeric(38, 0)), CAST(10 AS Numeric(38, 0)), N'通知管理', N'zh_CN')
INSERT [SYS_RESOURCE_LOCALE] ([ID], [RESOURCE_ID], [RESOURCE_NAME], [RESOURCE_LOCALE]) VALUES (CAST(85 AS Numeric(38, 0)), CAST(10 AS Numeric(38, 0)), N'通知管理', N'zh_TW')
INSERT [SYS_RESOURCE_LOCALE] ([ID], [RESOURCE_ID], [RESOURCE_NAME], [RESOURCE_LOCALE]) VALUES (CAST(86 AS Numeric(38, 0)), CAST(11 AS Numeric(38, 0)), N'News Bulletin Manager', N'en')
INSERT [SYS_RESOURCE_LOCALE] ([ID], [RESOURCE_ID], [RESOURCE_NAME], [RESOURCE_LOCALE]) VALUES (CAST(87 AS Numeric(38, 0)), CAST(11 AS Numeric(38, 0)), N'新闻公告管理', N'zh_CN')
INSERT [SYS_RESOURCE_LOCALE] ([ID], [RESOURCE_ID], [RESOURCE_NAME], [RESOURCE_LOCALE]) VALUES (CAST(88 AS Numeric(38, 0)), CAST(11 AS Numeric(38, 0)), N'新聞公告管理', N'zh_TW')
INSERT [SYS_RESOURCE_LOCALE] ([ID], [RESOURCE_ID], [RESOURCE_NAME], [RESOURCE_LOCALE]) VALUES (CAST(89 AS Numeric(38, 0)), CAST(12 AS Numeric(38, 0)), N'Notice Query', N'en')
INSERT [SYS_RESOURCE_LOCALE] ([ID], [RESOURCE_ID], [RESOURCE_NAME], [RESOURCE_LOCALE]) VALUES (CAST(90 AS Numeric(38, 0)), CAST(12 AS Numeric(38, 0)), N'通知查询', N'zh_CN')
INSERT [SYS_RESOURCE_LOCALE] ([ID], [RESOURCE_ID], [RESOURCE_NAME], [RESOURCE_LOCALE]) VALUES (CAST(91 AS Numeric(38, 0)), CAST(12 AS Numeric(38, 0)), N'通知查詢', N'zh_TW')
INSERT [SYS_RESOURCE_LOCALE] ([ID], [RESOURCE_ID], [RESOURCE_NAME], [RESOURCE_LOCALE]) VALUES (CAST(92 AS Numeric(38, 0)), CAST(13 AS Numeric(38, 0)), N'News Bulletin Query', N'en')
INSERT [SYS_RESOURCE_LOCALE] ([ID], [RESOURCE_ID], [RESOURCE_NAME], [RESOURCE_LOCALE]) VALUES (CAST(93 AS Numeric(38, 0)), CAST(13 AS Numeric(38, 0)), N'新闻公告查询', N'zh_CN')
INSERT [SYS_RESOURCE_LOCALE] ([ID], [RESOURCE_ID], [RESOURCE_NAME], [RESOURCE_LOCALE]) VALUES (CAST(94 AS Numeric(38, 0)), CAST(13 AS Numeric(38, 0)), N'新聞公告查詢', N'zh_TW')
INSERT [SYS_RESOURCE_LOCALE] ([ID], [RESOURCE_ID], [RESOURCE_NAME], [RESOURCE_LOCALE]) VALUES (CAST(95 AS Numeric(38, 0)), CAST(14 AS Numeric(38, 0)), N'Desktop Manager', N'en')
INSERT [SYS_RESOURCE_LOCALE] ([ID], [RESOURCE_ID], [RESOURCE_NAME], [RESOURCE_LOCALE]) VALUES (CAST(96 AS Numeric(38, 0)), CAST(14 AS Numeric(38, 0)), N'桌面管理', N'zh_CN')
INSERT [SYS_RESOURCE_LOCALE] ([ID], [RESOURCE_ID], [RESOURCE_NAME], [RESOURCE_LOCALE]) VALUES (CAST(97 AS Numeric(38, 0)), CAST(14 AS Numeric(38, 0)), N'桌面管理', N'zh_TW')
SET IDENTITY_INSERT [SYS_RESOURCE_LOCALE] OFF


SET IDENTITY_INSERT [SYS_RESOURCE] ON
INSERT [SYS_RESOURCE] ([ID], [RESOURCE_NAME], [RESOURCE_SIGN], [RESOURCE_TYPE], [PARENT_ID], [RESOURCE_ICON], [OPEN_TYPE], [RESOURCE_STATUS], [RESOURCE_NO], [RESOURCE_URL], [RESOURCE_LEVEL], [CREATE_USER], [CREATE_TIME], [REMARK], [LAST_UPDATE_USER], [LAST_UPDATE_TIME], [VERSION], [LOG_RULE]) VALUES (CAST(998 AS Numeric(38, 0)), N'流程办理历史', N'RES_PROCESS_HISTORY', N'0', CAST(2 AS Numeric(38, 0)), 'icon-table-1', NULL, N'1', CAST(150 AS Numeric(10, 0)), N'/sys/workflow/process-history.action', N'2', NULL, NULL, NULL, NULL, NULL, CAST(1 AS Numeric(38, 0)), N'流程办理历史')
INSERT [SYS_RESOURCE] ([ID], [RESOURCE_NAME], [RESOURCE_SIGN], [RESOURCE_TYPE], [PARENT_ID], [RESOURCE_ICON], [OPEN_TYPE], [RESOURCE_STATUS], [RESOURCE_NO], [RESOURCE_URL], [RESOURCE_LEVEL], [CREATE_USER], [CREATE_TIME], [REMARK], [LAST_UPDATE_USER], [LAST_UPDATE_TIME], [VERSION], [LOG_RULE]) VALUES (CAST(999 AS Numeric(38, 0)), N'流程定义管理', N'RES_PROCESS_DEF_MNG', N'0', CAST(2 AS Numeric(38, 0)), 'icon-gnome-applications-science', NULL, N'1', CAST(151 AS Numeric(10, 0)), N'/sys/workflow/process-manage.action', N'2', NULL, NULL, NULL, NULL, NULL, CAST(1 AS Numeric(38, 0)), N'流程定义管理')
INSERT [SYS_RESOURCE] ([ID], [RESOURCE_NAME], [RESOURCE_SIGN], [RESOURCE_TYPE], [PARENT_ID], [RESOURCE_ICON], [OPEN_TYPE], [RESOURCE_STATUS], [RESOURCE_NO], [RESOURCE_URL], [RESOURCE_LEVEL], [CREATE_USER], [CREATE_TIME], [REMARK], [LAST_UPDATE_USER], [LAST_UPDATE_TIME], [VERSION], [LOG_RULE]) VALUES (CAST(1000 AS Numeric(38, 0)), N'运行中流程管理', N'RES_PROCESS_INST_MNG', N'0', CAST(2 AS Numeric(38, 0)), 'icon-send-later-ico', NULL, N'1', CAST(152 AS Numeric(10, 0)), N'/sys/workflow/runprocess-manage.action', N'2', NULL, NULL, NULL, NULL, NULL, CAST(1 AS Numeric(38, 0)), N'运行中流程管理')
SET IDENTITY_INSERT [SYS_RESOURCE] OFF

INSERT [SYS_RESOURCE_TO_ROLE] ([ROLE_ID], [RESOURCE_ID]) VALUES (CAST(1 AS Numeric(38, 0)), CAST(998 AS Numeric(38, 0)))
INSERT [SYS_RESOURCE_TO_ROLE] ([ROLE_ID], [RESOURCE_ID]) VALUES (CAST(1 AS Numeric(38, 0)), CAST(999 AS Numeric(38, 0)))
INSERT [SYS_RESOURCE_TO_ROLE] ([ROLE_ID], [RESOURCE_ID]) VALUES (CAST(1 AS Numeric(38, 0)), CAST(1000 AS Numeric(38, 0)))

SET IDENTITY_INSERT [SYS_RESOURCE_LOCALE] ON
INSERT [SYS_RESOURCE_LOCALE] ([ID], [RESOURCE_ID], [RESOURCE_NAME], [RESOURCE_LOCALE]) VALUES (CAST(4991 AS Numeric(38, 0)), CAST(998 AS Numeric(38, 0)), N'流程办理历史', N'zh_CN')
INSERT [SYS_RESOURCE_LOCALE] ([ID], [RESOURCE_ID], [RESOURCE_NAME], [RESOURCE_LOCALE]) VALUES (CAST(4992 AS Numeric(38, 0)), CAST(998 AS Numeric(38, 0)), N'流程辦理歷史', N'zh_TW')
INSERT [SYS_RESOURCE_LOCALE] ([ID], [RESOURCE_ID], [RESOURCE_NAME], [RESOURCE_LOCALE]) VALUES (CAST(4993 AS Numeric(38, 0)), CAST(998 AS Numeric(38, 0)), N'Prcocess History', N'en')

INSERT [SYS_RESOURCE_LOCALE] ([ID], [RESOURCE_ID], [RESOURCE_NAME], [RESOURCE_LOCALE]) VALUES (CAST(4994 AS Numeric(38, 0)), CAST(999 AS Numeric(38, 0)), N'流程定义管理', N'zh_CN')
INSERT [SYS_RESOURCE_LOCALE] ([ID], [RESOURCE_ID], [RESOURCE_NAME], [RESOURCE_LOCALE]) VALUES (CAST(4995 AS Numeric(38, 0)), CAST(999 AS Numeric(38, 0)), N'流程定義管理', N'zh_TW')
INSERT [SYS_RESOURCE_LOCALE] ([ID], [RESOURCE_ID], [RESOURCE_NAME], [RESOURCE_LOCALE]) VALUES (CAST(4996 AS Numeric(38, 0)), CAST(999 AS Numeric(38, 0)), N'Prcocess Definition Manage', N'en')

INSERT [SYS_RESOURCE_LOCALE] ([ID], [RESOURCE_ID], [RESOURCE_NAME], [RESOURCE_LOCALE]) VALUES (CAST(4998 AS Numeric(38, 0)), CAST(1000 AS Numeric(38, 0)), N'运行中流程管理', N'zh_CN')
INSERT [SYS_RESOURCE_LOCALE] ([ID], [RESOURCE_ID], [RESOURCE_NAME], [RESOURCE_LOCALE]) VALUES (CAST(4999 AS Numeric(38, 0)), CAST(1000 AS Numeric(38, 0)), N'運行中流程管理', N'zh_TW')
INSERT [SYS_RESOURCE_LOCALE] ([ID], [RESOURCE_ID], [RESOURCE_NAME], [RESOURCE_LOCALE]) VALUES (CAST(5000 AS Numeric(38, 0)), CAST(1000 AS Numeric(38, 0)), N'Running Prcocess Manage', N'en')
SET IDENTITY_INSERT [SYS_RESOURCE_LOCALE] OFF

/* 新增任务调度链接--2013-02-28 */
SET IDENTITY_INSERT [SYS_RESOURCE] ON
INSERT [SYS_RESOURCE] ([ID], [RESOURCE_NAME], [RESOURCE_SIGN], [RESOURCE_TYPE], [PARENT_ID], [RESOURCE_ICON], [OPEN_TYPE], [RESOURCE_STATUS], [RESOURCE_NO], [RESOURCE_URL], [RESOURCE_LEVEL], [CREATE_USER], [CREATE_TIME], [REMARK], [LAST_UPDATE_USER], [LAST_UPDATE_TIME], [VERSION], [LOG_RULE]) VALUES (CAST(800 AS Numeric(38, 0)), N'任务管理', N'RES_TASK_MNG', N'0', CAST(2 AS Numeric(38, 0)), 'icon-workgroup', NULL, N'1', CAST(160 AS Numeric(10, 0)), N'/sys/task/task.action', N'2', NULL, NULL, NULL, NULL, NULL, CAST(1 AS Numeric(38, 0)), N'任务管理')
INSERT [SYS_RESOURCE] ([ID], [RESOURCE_NAME], [RESOURCE_SIGN], [RESOURCE_TYPE], [PARENT_ID], [RESOURCE_ICON], [OPEN_TYPE], [RESOURCE_STATUS], [RESOURCE_NO], [RESOURCE_URL], [RESOURCE_LEVEL], [CREATE_USER], [CREATE_TIME], [REMARK], [LAST_UPDATE_USER], [LAST_UPDATE_TIME], [VERSION], [LOG_RULE]) VALUES (CAST(801 AS Numeric(38, 0)), N'任务调度管理', N'RES_TASK_SCHEDULER_MNG', N'0', CAST(2 AS Numeric(38, 0)), 'icon-scheduled_Tasks', NULL, N'1', CAST(161 AS Numeric(10, 0)), N'/sys/task/task-scheduler.action', N'2', NULL, NULL, NULL, NULL, NULL, CAST(1 AS Numeric(38, 0)), N'任务调度管理')
SET IDENTITY_INSERT [SYS_RESOURCE] OFF

INSERT [SYS_RESOURCE_TO_ROLE] ([ROLE_ID], [RESOURCE_ID]) VALUES (CAST(1 AS Numeric(38, 0)), CAST(800 AS Numeric(38, 0)))
INSERT [SYS_RESOURCE_TO_ROLE] ([ROLE_ID], [RESOURCE_ID]) VALUES (CAST(1 AS Numeric(38, 0)), CAST(801 AS Numeric(38, 0)))

SET IDENTITY_INSERT [SYS_RESOURCE_LOCALE] ON
INSERT [SYS_RESOURCE_LOCALE] ([ID], [RESOURCE_ID], [RESOURCE_NAME], [RESOURCE_LOCALE]) VALUES (CAST(4980 AS Numeric(38, 0)), CAST(800 AS Numeric(38, 0)), N'任务管理', N'zh_CN')
INSERT [SYS_RESOURCE_LOCALE] ([ID], [RESOURCE_ID], [RESOURCE_NAME], [RESOURCE_LOCALE]) VALUES (CAST(4981 AS Numeric(38, 0)), CAST(800 AS Numeric(38, 0)), N'任務管理', N'zh_TW')
INSERT [SYS_RESOURCE_LOCALE] ([ID], [RESOURCE_ID], [RESOURCE_NAME], [RESOURCE_LOCALE]) VALUES (CAST(4982 AS Numeric(38, 0)), CAST(800 AS Numeric(38, 0)), N'Task Manage', N'en')

INSERT [SYS_RESOURCE_LOCALE] ([ID], [RESOURCE_ID], [RESOURCE_NAME], [RESOURCE_LOCALE]) VALUES (CAST(4983 AS Numeric(38, 0)), CAST(801 AS Numeric(38, 0)), N'任务调度管理', N'zh_CN')
INSERT [SYS_RESOURCE_LOCALE] ([ID], [RESOURCE_ID], [RESOURCE_NAME], [RESOURCE_LOCALE]) VALUES (CAST(4984 AS Numeric(38, 0)), CAST(801 AS Numeric(38, 0)), N'任務調度管理', N'zh_TW')
INSERT [SYS_RESOURCE_LOCALE] ([ID], [RESOURCE_ID], [RESOURCE_NAME], [RESOURCE_LOCALE]) VALUES (CAST(4985 AS Numeric(38, 0)), CAST(801 AS Numeric(38, 0)), N'Task Scheduler Manage', N'en')
SET IDENTITY_INSERT [SYS_RESOURCE_LOCALE] OFF

/* 2013-05-10 新增系统分类管理链接 */
SET IDENTITY_INSERT SYS_RESOURCE ON
INSERT SYS_RESOURCE (ID, RESOURCE_NAME, RESOURCE_SIGN, RESOURCE_TYPE, PARENT_ID, RESOURCE_ICON, OPEN_TYPE, RESOURCE_STATUS, RESOURCE_NO, RESOURCE_URL, RESOURCE_LEVEL, CREATE_USER, CREATE_TIME, REMARK, LAST_UPDATE_USER, LAST_UPDATE_TIME, VERSION, LOG_RULE) VALUES (100, '系统分类管理', 'RES_SYS_COMMON_TYPE_MNG', '0', 2, 'icon-run', NULL, '1', 7, '/sys/common/common-type!initSystemType.action', '2', 1, getdate(), NULL, NULL, NULL, 1, '系统分类管理')
SET IDENTITY_INSERT SYS_RESOURCE OFF

INSERT SYS_RESOURCE_TO_ROLE (ROLE_ID, RESOURCE_ID) VALUES (1, 100)

SET IDENTITY_INSERT SYS_RESOURCE_LOCALE ON
INSERT SYS_RESOURCE_LOCALE (ID, RESOURCE_ID, RESOURCE_NAME, RESOURCE_LOCALE) VALUES (401, 100, '系统分类管理', 'zh_CN')
INSERT SYS_RESOURCE_LOCALE (ID, RESOURCE_ID, RESOURCE_NAME, RESOURCE_LOCALE) VALUES (402, 100, '系統分類管理', 'zh_TW')
INSERT SYS_RESOURCE_LOCALE (ID, RESOURCE_ID, RESOURCE_NAME, RESOURCE_LOCALE) VALUES (403, 100, 'System Type Manage', 'en')
SET IDENTITY_INSERT SYS_RESOURCE_LOCALE OFF

/* 2013-06-04 新增用户信息管理链接 */
SET IDENTITY_INSERT SYS_RESOURCE ON
INSERT SYS_RESOURCE (ID, RESOURCE_NAME, RESOURCE_SIGN, RESOURCE_TYPE, PARENT_ID, RESOURCE_ICON, OPEN_TYPE, RESOURCE_STATUS, RESOURCE_NO, RESOURCE_URL, RESOURCE_LEVEL, CREATE_USER, CREATE_TIME, REMARK, LAST_UPDATE_USER, LAST_UPDATE_TIME, VERSION, LOG_RULE) VALUES (101, '用户信息管理', 'RES_USER_INFO_MNG', '0', 2, 'icon-user-new', NULL, '1', 102, '/sys/account/user!userInfo.action', '2', 1, getdate(), NULL, NULL, NULL, 1, '用户信息管理')
SET IDENTITY_INSERT SYS_RESOURCE OFF

INSERT SYS_RESOURCE_TO_ROLE (ROLE_ID, RESOURCE_ID) VALUES (1, 101)

SET IDENTITY_INSERT SYS_RESOURCE_LOCALE ON
INSERT SYS_RESOURCE_LOCALE (ID, RESOURCE_ID, RESOURCE_NAME, RESOURCE_LOCALE) VALUES (404, 101, '用户信息管理', 'zh_CN')
INSERT SYS_RESOURCE_LOCALE (ID, RESOURCE_ID, RESOURCE_NAME, RESOURCE_LOCALE) VALUES (405, 101, '用戶信息管理', 'zh_TW')
INSERT SYS_RESOURCE_LOCALE (ID, RESOURCE_ID, RESOURCE_NAME, RESOURCE_LOCALE) VALUES (406, 101, 'User Info Manage', 'en')
SET IDENTITY_INSERT SYS_RESOURCE_LOCALE OFF

/* 2013-10-24 增加阿拉伯语支持  */
UPDATE SYS_DICTIONARY SET DICT_NAME = '英语' WHERE ID = 3;
SET IDENTITY_INSERT [SYS_DICTIONARY] ON
INSERT [SYS_DICTIONARY] ([ID], [DICT_TYPE_ID], [DICT_NAME], [DICT_VALUE], [STATUS], [DICT_DESC], [DICT_LOCALE], [CREATE_TIME], [CREATE_USER], [LAST_UPDATE_USER], [LAST_UPDATE_TIME], [VERSION]) VALUES (CAST(4 AS Numeric(38, 0)), CAST(1 AS Numeric(38, 0)), N'阿拉伯语', N'ar', N'1', NULL, N'zh_CN', NULL, NULL, NULL, NULL, NULL)
SET IDENTITY_INSERT [SYS_DICTIONARY] OFF

SET IDENTITY_INSERT [SYS_RESOURCE_LOCALE] ON
INSERT SYS_RESOURCE_LOCALE (ID, RESOURCE_ID, RESOURCE_NAME, RESOURCE_LOCALE) VALUES (101, 2,'系统管理','ar')
INSERT SYS_RESOURCE_LOCALE (ID, RESOURCE_ID, RESOURCE_NAME, RESOURCE_LOCALE) VALUES (102, 3,'用户管理','ar')
INSERT SYS_RESOURCE_LOCALE (ID, RESOURCE_ID, RESOURCE_NAME, RESOURCE_LOCALE) VALUES (103, 4,'日志管理','ar')
INSERT SYS_RESOURCE_LOCALE (ID, RESOURCE_ID, RESOURCE_NAME, RESOURCE_LOCALE) VALUES (104, 5,'在线用户管理','ar')
INSERT SYS_RESOURCE_LOCALE (ID, RESOURCE_ID, RESOURCE_NAME, RESOURCE_LOCALE) VALUES (105, 6,'异常日志管理','ar')
INSERT SYS_RESOURCE_LOCALE (ID, RESOURCE_ID, RESOURCE_NAME, RESOURCE_LOCALE) VALUES (106, 7,'部署管理','ar')
INSERT SYS_RESOURCE_LOCALE (ID, RESOURCE_ID, RESOURCE_NAME, RESOURCE_LOCALE) VALUES (107, 8,'授权管理','ar')
INSERT SYS_RESOURCE_LOCALE (ID, RESOURCE_ID, RESOURCE_NAME, RESOURCE_LOCALE) VALUES (108, 9,'资源管理','ar')
INSERT SYS_RESOURCE_LOCALE (ID, RESOURCE_ID, RESOURCE_NAME, RESOURCE_LOCALE) VALUES (109, 10,'通知管理','ar')
INSERT SYS_RESOURCE_LOCALE (ID, RESOURCE_ID, RESOURCE_NAME, RESOURCE_LOCALE) VALUES (110, 11,'新闻公告管理','ar')
INSERT SYS_RESOURCE_LOCALE (ID, RESOURCE_ID, RESOURCE_NAME, RESOURCE_LOCALE) VALUES (111, 12,'通知查询','ar')
INSERT SYS_RESOURCE_LOCALE (ID, RESOURCE_ID, RESOURCE_NAME, RESOURCE_LOCALE) VALUES (112, 13,'新闻公告查询','ar')
INSERT SYS_RESOURCE_LOCALE (ID, RESOURCE_ID, RESOURCE_NAME, RESOURCE_LOCALE) VALUES (113, 14,'桌面管理','ar')
INSERT SYS_RESOURCE_LOCALE (ID, RESOURCE_ID, RESOURCE_NAME, RESOURCE_LOCALE) VALUES (115, 998,'流程办理历史','ar')
INSERT SYS_RESOURCE_LOCALE (ID, RESOURCE_ID, RESOURCE_NAME, RESOURCE_LOCALE) VALUES (116, 999,'流程定义管理','ar')
INSERT SYS_RESOURCE_LOCALE (ID, RESOURCE_ID, RESOURCE_NAME, RESOURCE_LOCALE) VALUES (117, 1000,'运行中流程管理','ar')
INSERT SYS_RESOURCE_LOCALE (ID, RESOURCE_ID, RESOURCE_NAME, RESOURCE_LOCALE) VALUES (118, 800,'任务管理','ar')
INSERT SYS_RESOURCE_LOCALE (ID, RESOURCE_ID, RESOURCE_NAME, RESOURCE_LOCALE) VALUES (119, 801,'任务调度管理','ar')
INSERT SYS_RESOURCE_LOCALE (ID, RESOURCE_ID, RESOURCE_NAME, RESOURCE_LOCALE) VALUES (120, 100, '系统分类管理', 'ar')
INSERT SYS_RESOURCE_LOCALE (ID, RESOURCE_ID, RESOURCE_NAME, RESOURCE_LOCALE) VALUES (121, 101, '用户信息管理', 'ar')
SET IDENTITY_INSERT [SYS_RESOURCE_LOCALE] OFF

/* 2013-12-22 新增变更日志管理链接  */
SET IDENTITY_INSERT SYS_RESOURCE ON
INSERT SYS_RESOURCE (ID, RESOURCE_NAME, RESOURCE_SIGN, RESOURCE_TYPE, PARENT_ID, RESOURCE_ICON, OPEN_TYPE, RESOURCE_STATUS, RESOURCE_NO, RESOURCE_URL, RESOURCE_LEVEL, CREATE_USER, CREATE_TIME, REMARK, LAST_UPDATE_USER, LAST_UPDATE_TIME, VERSION, LOG_RULE) VALUES (102, '变更日志管理', 'RES_CHANGE_LOG_MNG', '0', 2, 'icon-contacts-ico', NULL, '1', 105, '/sys/log/change-log.action', '2', 1, getdate(), NULL, NULL, NULL, 1, '变更日志管理')
SET IDENTITY_INSERT SYS_RESOURCE OFF

INSERT SYS_RESOURCE_TO_ROLE (ROLE_ID, RESOURCE_ID) VALUES (1, 102)

SET IDENTITY_INSERT SYS_RESOURCE_LOCALE ON
INSERT SYS_RESOURCE_LOCALE (ID, RESOURCE_ID, RESOURCE_NAME, RESOURCE_LOCALE) VALUES (407, 102, '变更日志管理', 'zh_CN')
INSERT SYS_RESOURCE_LOCALE (ID, RESOURCE_ID, RESOURCE_NAME, RESOURCE_LOCALE) VALUES (408, 102, '變更日誌管理', 'zh_TW')
INSERT SYS_RESOURCE_LOCALE (ID, RESOURCE_ID, RESOURCE_NAME, RESOURCE_LOCALE) VALUES (409, 102, 'Change Log Manage', 'en')
INSERT SYS_RESOURCE_LOCALE (ID, RESOURCE_ID, RESOURCE_NAME, RESOURCE_LOCALE) VALUES (410, 102, 'Change Log Manage', 'ar')
SET IDENTITY_INSERT SYS_RESOURCE_LOCALE OFF

/* 2014-01-13 新增系统参数 */
SET IDENTITY_INSERT SYS_DICTIONARY_TYPE ON
INSERT SYS_DICTIONARY_TYPE (ID, DICT_TYPE_NAME, DICT_TYPE_DESC, TYPE, DICT_TYPE_KEY, CREATE_TIME, CREATE_USER, LAST_UPDATE_USER, LAST_UPDATE_TIME, VERSION) VALUES (2, '系统参数', NULL, '0', 'SYS_PARAMS', getdate(), 1, NULL, NULL, 1)
SET IDENTITY_INSERT SYS_DICTIONARY_TYPE OFF

/* 新增用户默认密码 */
SET IDENTITY_INSERT SYS_DICTIONARY ON
INSERT SYS_DICTIONARY (ID, DICT_TYPE_ID, DICT_NAME, DICT_VALUE, STATUS, DICT_DESC, DICT_LOCALE, CREATE_TIME, CREATE_USER, LAST_UPDATE_USER, LAST_UPDATE_TIME, VERSION) VALUES (200, 2, '123456', 'user.default.password', '1', '默认密码', 'zh_CN', getdate(), 1, NULL, NULL, 1)
SET IDENTITY_INSERT SYS_DICTIONARY OFF

/* 2014-04-01 新增邮件接口参数 */
SET IDENTITY_INSERT SYS_DICTIONARY_TYPE ON
INSERT SYS_DICTIONARY_TYPE (ID, DICT_TYPE_NAME, DICT_TYPE_DESC, TYPE, DICT_TYPE_KEY, CREATE_TIME, CREATE_USER, LAST_UPDATE_USER, LAST_UPDATE_TIME, VERSION) VALUES (3, '邮箱参数', NULL, '0', 'SYS_MAIL_DICT', getdate(), 1, NULL, NULL, 1)
SET IDENTITY_INSERT SYS_DICTIONARY_TYPE OFF

SET IDENTITY_INSERT SYS_DICTIONARY ON
INSERT SYS_DICTIONARY (ID, DICT_TYPE_ID, DICT_NAME, DICT_VALUE, STATUS, DICT_DESC, DICT_LOCALE, CREATE_TIME, CREATE_USER, LAST_UPDATE_USER, LAST_UPDATE_TIME, VERSION) VALUES (300, 3, 'smtp.exmail.qq.com', 'serviceMail.smtp.host', '1', '服务邮箱smtp地址', 'zh_CN', getdate(), 1, NULL, NULL, 1)
INSERT SYS_DICTIONARY (ID, DICT_TYPE_ID, DICT_NAME, DICT_VALUE, STATUS, DICT_DESC, DICT_LOCALE, CREATE_TIME, CREATE_USER, LAST_UPDATE_USER, LAST_UPDATE_TIME, VERSION) VALUES (301, 3, '123456@qq.com', 'serviceMail.name', '1', '服务邮箱名称', 'zh_CN', getdate(), 1, NULL, NULL, 1)
INSERT SYS_DICTIONARY (ID, DICT_TYPE_ID, DICT_NAME, DICT_VALUE, STATUS, DICT_DESC, DICT_LOCALE, CREATE_TIME, CREATE_USER, LAST_UPDATE_USER, LAST_UPDATE_TIME, VERSION) VALUES (302, 3, '123456', 'serviceMail.password', '1', '服务邮箱密码', 'zh_CN', getdate(), 1, NULL, NULL, 1)
SET IDENTITY_INSERT SYS_DICTIONARY OFF

/* 新增邮件管理模块 */
SET IDENTITY_INSERT SYS_RESOURCE ON
INSERT SYS_RESOURCE (ID, RESOURCE_NAME, RESOURCE_SIGN, RESOURCE_TYPE, PARENT_ID, RESOURCE_ICON, OPEN_TYPE, RESOURCE_STATUS, RESOURCE_NO, RESOURCE_URL, RESOURCE_LEVEL, CREATE_USER, CREATE_TIME, REMARK, LAST_UPDATE_USER, LAST_UPDATE_TIME, VERSION, LOG_RULE) VALUES (103, '邮件管理', 'RES_MAIL_MNG', '0', 2, 'icon-contacts-ico', NULL, '1', 105, '/sys/msg/mail.action', '2', 1, getdate(), NULL, NULL, NULL, 1, '邮件管理')
SET IDENTITY_INSERT SYS_RESOURCE OFF

INSERT SYS_RESOURCE_TO_ROLE (ROLE_ID, RESOURCE_ID) VALUES (1, 103)

SET IDENTITY_INSERT SYS_RESOURCE_LOCALE ON
INSERT SYS_RESOURCE_LOCALE (ID, RESOURCE_ID, RESOURCE_NAME, RESOURCE_LOCALE) VALUES (411, 103, '邮件管理', 'zh_CN')
INSERT SYS_RESOURCE_LOCALE (ID, RESOURCE_ID, RESOURCE_NAME, RESOURCE_LOCALE) VALUES (412, 103, '郵件管理', 'zh_TW')
INSERT SYS_RESOURCE_LOCALE (ID, RESOURCE_ID, RESOURCE_NAME, RESOURCE_LOCALE) VALUES (413, 103, 'Mail Manage', 'en')
INSERT SYS_RESOURCE_LOCALE (ID, RESOURCE_ID, RESOURCE_NAME, RESOURCE_LOCALE) VALUES (414, 103, 'Mail Manage', 'ar')
SET IDENTITY_INSERT SYS_RESOURCE_LOCALE OFF

/* 2014-04-15 新增短信管理  */
SET IDENTITY_INSERT SYS_RESOURCE ON
INSERT SYS_RESOURCE (ID, RESOURCE_NAME, RESOURCE_SIGN, RESOURCE_TYPE, PARENT_ID, RESOURCE_ICON, OPEN_TYPE, RESOURCE_STATUS, RESOURCE_NO, RESOURCE_URL, RESOURCE_LEVEL, CREATE_USER, CREATE_TIME, REMARK, LAST_UPDATE_USER, LAST_UPDATE_TIME, VERSION, LOG_RULE) VALUES (104, '短信管理', 'RES_SMS_MNG', '0', 2, 'icon-contacts-ico', NULL, '1', 105, '/sys/msg/sms.action', '2', 1, getdate(), NULL, NULL, NULL, 1, '短信管理')
SET IDENTITY_INSERT SYS_RESOURCE OFF

INSERT SYS_RESOURCE_TO_ROLE (ROLE_ID, RESOURCE_ID) VALUES (1, 104)

SET IDENTITY_INSERT SYS_RESOURCE_LOCALE ON
INSERT SYS_RESOURCE_LOCALE (ID, RESOURCE_ID, RESOURCE_NAME, RESOURCE_LOCALE) VALUES (415, 104, '短信管理', 'zh_CN')
INSERT SYS_RESOURCE_LOCALE (ID, RESOURCE_ID, RESOURCE_NAME, RESOURCE_LOCALE) VALUES (416, 104, '短信管理', 'zh_TW')
INSERT SYS_RESOURCE_LOCALE (ID, RESOURCE_ID, RESOURCE_NAME, RESOURCE_LOCALE) VALUES (417, 104, 'SMS Manage', 'en')
INSERT SYS_RESOURCE_LOCALE (ID, RESOURCE_ID, RESOURCE_NAME, RESOURCE_LOCALE) VALUES (418, 104, 'SMS Manage', 'ar')
SET IDENTITY_INSERT SYS_RESOURCE_LOCALE OFF

/* 新增邮件发送任务 */
SET IDENTITY_INSERT SYS_TASK ON
INSERT INTO SYS_TASK (ID, CREATE_USER, CREATE_TIME, LAST_UPDATE_USER, LAST_UPDATE_TIME, VERSION, NAME, REMARK, TASK_TYPE, TASK_CONTENT) VALUES ('1', '1', getdate(), null, null, '0', '邮件发送接口', '邮件接口', '1', '{"executeType":"class","executeContent":"com.jiawasoft.gsweb.job.MailSendJob"}');
INSERT INTO SYS_TASK (ID, CREATE_USER, CREATE_TIME, LAST_UPDATE_USER, LAST_UPDATE_TIME, VERSION, NAME, REMARK, TASK_TYPE, TASK_CONTENT) VALUES ('2', '1', getdate(), null, null, '0', '短信发送接口', '短信接口', '1', '{"executeType":"class","executeContent":"com.jiawasoft.gsweb.job.SmsSendJob"}');
SET IDENTITY_INSERT SYS_TASK OFF

/* 2014-04-16 新增短信接口参数 */
SET IDENTITY_INSERT SYS_DICTIONARY_TYPE ON
INSERT SYS_DICTIONARY_TYPE (ID, DICT_TYPE_NAME, DICT_TYPE_DESC, TYPE, DICT_TYPE_KEY, CREATE_TIME, CREATE_USER, LAST_UPDATE_USER, LAST_UPDATE_TIME, VERSION) VALUES (4, '短信接口参数', NULL, '0', 'SYS_SMS_DICT', getdate(), 1, NULL, NULL, 1)
SET IDENTITY_INSERT SYS_DICTIONARY_TYPE OFF

SET IDENTITY_INSERT SYS_DICTIONARY ON
INSERT SYS_DICTIONARY (ID, DICT_TYPE_ID, DICT_NAME, DICT_VALUE, STATUS, DICT_DESC, DICT_LOCALE, CREATE_TIME, CREATE_USER, LAST_UPDATE_USER, LAST_UPDATE_TIME, VERSION) VALUES (401, 4, 'sms001', 'serviceSMS.code', '1', '服务短信接口唯一编码', 'zh_CN', getdate(), 1, NULL, NULL, 1)
INSERT SYS_DICTIONARY (ID, DICT_TYPE_ID, DICT_NAME, DICT_VALUE, STATUS, DICT_DESC, DICT_LOCALE, CREATE_TIME, CREATE_USER, LAST_UPDATE_USER, LAST_UPDATE_TIME, VERSION) VALUES (402, 4, 'com.jiawasoft.gsweb.inf.sms.ZtSmsAdapter', 'serviceSMS.class', '1', '服务短信接口类', 'zh_CN', getdate(), 1, NULL, NULL, 1)
INSERT SYS_DICTIONARY (ID, DICT_TYPE_ID, DICT_NAME, DICT_VALUE, STATUS, DICT_DESC, DICT_LOCALE, CREATE_TIME, CREATE_USER, LAST_UPDATE_USER, LAST_UPDATE_TIME, VERSION) VALUES (403, 4, 'http://www.ztsms.cn:8800/sendSms.do', 'serviceSMS.url', '1', '服务短信接口URL地址', 'zh_CN', getdate(), 1, NULL, NULL, 1)
INSERT SYS_DICTIONARY (ID, DICT_TYPE_ID, DICT_NAME, DICT_VALUE, STATUS, DICT_DESC, DICT_LOCALE, CREATE_TIME, CREATE_USER, LAST_UPDATE_USER, LAST_UPDATE_TIME, VERSION) VALUES (404, 4, 'testuser', 'serviceSMS.name', '1', '服务短信接口用户名', 'zh_CN', getdate(), 1, NULL, NULL, 1)
INSERT SYS_DICTIONARY (ID, DICT_TYPE_ID, DICT_NAME, DICT_VALUE, STATUS, DICT_DESC, DICT_LOCALE, CREATE_TIME, CREATE_USER, LAST_UPDATE_USER, LAST_UPDATE_TIME, VERSION) VALUES (405, 4, '123456', 'serviceSMS.password', '1', '服务短信接口密码', 'zh_CN', getdate(), 1, NULL, NULL, 1)
INSERT SYS_DICTIONARY (ID, DICT_TYPE_ID, DICT_NAME, DICT_VALUE, STATUS, DICT_DESC, DICT_LOCALE, CREATE_TIME, CREATE_USER, LAST_UPDATE_USER, LAST_UPDATE_TIME, VERSION) VALUES (406, 4, '48661', 'serviceSMS.productid', '1', '服务短信接口产品ID', 'zh_CN', getdate(), 1, NULL, NULL, 1)
SET IDENTITY_INSERT SYS_DICTIONARY OFF


/* 2014-07-03 用户管理员工号自动编号功能参数设置 */
SET IDENTITY_INSERT SYS_DICTIONARY ON
INSERT SYS_DICTIONARY (ID, DICT_TYPE_ID, DICT_NAME, DICT_VALUE, STATUS, DICT_DESC, DICT_LOCALE, CREATE_TIME, CREATE_USER, LAST_UPDATE_USER, LAST_UPDATE_TIME, VERSION) VALUES (201, 2, 'true', 'user.autocode.enable', '1', '员工号自动编号启用', 'zh_CN', getdate(), 1, NULL, NULL, 1);
INSERT SYS_DICTIONARY (ID, DICT_TYPE_ID, DICT_NAME, DICT_VALUE, STATUS, DICT_DESC, DICT_LOCALE, CREATE_TIME, CREATE_USER, LAST_UPDATE_USER, LAST_UPDATE_TIME, VERSION) VALUES (202, 2, '4', 'user.default.code.bit', '1', '员工号位数', 'zh_CN', getdate(), 1, NULL, NULL, 1);
SET IDENTITY_INSERT SYS_DICTIONARY OFF


/* 2015-04-08 增加备忘录模块 */
SET IDENTITY_INSERT SYS_RESOURCE ON
INSERT SYS_RESOURCE (ID, RESOURCE_NAME, RESOURCE_SIGN, RESOURCE_TYPE, PARENT_ID, RESOURCE_ICON, OPEN_TYPE, RESOURCE_STATUS, RESOURCE_NO, RESOURCE_URL, RESOURCE_LEVEL, CREATE_USER, CREATE_TIME, REMARK, LAST_UPDATE_USER, LAST_UPDATE_TIME, VERSION, LOG_RULE) VALUES (106, '备忘录查询', 'RES_MEMO_QUERY', '0', 2, 'icon-search-new', NULL, '1', 106, '/sys/memo/memo-query.action', '2', 1, getdate(), NULL, NULL, NULL, 1, '备忘录查询');
INSERT SYS_RESOURCE (ID, RESOURCE_NAME, RESOURCE_SIGN, RESOURCE_TYPE, PARENT_ID, RESOURCE_ICON, OPEN_TYPE, RESOURCE_STATUS, RESOURCE_NO, RESOURCE_URL, RESOURCE_LEVEL, CREATE_USER, CREATE_TIME, REMARK, LAST_UPDATE_USER, LAST_UPDATE_TIME, VERSION, LOG_RULE) VALUES (105, '备忘录管理', 'RES_MEMO_MNG', '0', 2, 'icon-textDocument', NULL, '1', 105, '/sys/memo/memo.action', '2', 1, getdate(), NULL, NULL, NULL, 1, '备忘录管理');
SET IDENTITY_INSERT SYS_RESOURCE OFF

INSERT SYS_RESOURCE_TO_ROLE (ROLE_ID, RESOURCE_ID) VALUES (1, 106);
INSERT SYS_RESOURCE_TO_ROLE (ROLE_ID, RESOURCE_ID) VALUES (1, 105);

SET IDENTITY_INSERT SYS_RESOURCE_LOCALE ON
INSERT SYS_RESOURCE_LOCALE (ID, RESOURCE_ID, RESOURCE_NAME, RESOURCE_LOCALE) VALUES (422, 106, '备忘录查询', 'zh_CN');
INSERT SYS_RESOURCE_LOCALE (ID, RESOURCE_ID, RESOURCE_NAME, RESOURCE_LOCALE) VALUES (423, 106, '備忘錄查詢', 'zh_TW');
INSERT SYS_RESOURCE_LOCALE (ID, RESOURCE_ID, RESOURCE_NAME, RESOURCE_LOCALE) VALUES (424, 106, 'Memo Query', 'en');
INSERT SYS_RESOURCE_LOCALE (ID, RESOURCE_ID, RESOURCE_NAME, RESOURCE_LOCALE) VALUES (419, 105, '备忘录管理', 'zh_CN');
INSERT SYS_RESOURCE_LOCALE (ID, RESOURCE_ID, RESOURCE_NAME, RESOURCE_LOCALE) VALUES (420, 105, '備忘錄管理', 'zh_TW');
INSERT SYS_RESOURCE_LOCALE (ID, RESOURCE_ID, RESOURCE_NAME, RESOURCE_LOCALE) VALUES (421, 105, 'Memo Manage', 'en');
SET IDENTITY_INSERT SYS_RESOURCE_LOCALE OFF

/* 2015-05-25 增加签到管理模块 */
SET IDENTITY_INSERT SYS_RESOURCE ON
INSERT SYS_RESOURCE (ID, RESOURCE_NAME, RESOURCE_SIGN, RESOURCE_TYPE, PARENT_ID, RESOURCE_ICON, OPEN_TYPE, RESOURCE_STATUS, RESOURCE_NO, RESOURCE_URL, RESOURCE_LEVEL, CREATE_USER, CREATE_TIME, REMARK, LAST_UPDATE_USER, LAST_UPDATE_TIME, VERSION, LOG_RULE) VALUES (107, '签到管理', 'RES_CHECKINS_MNG', '0', 2, 'icon-checkins', NULL, '1', 107, '/sys/checkins/checkins.action', '2', 1, getdate(), NULL, NULL, NULL, 1, '签到管理');
SET IDENTITY_INSERT SYS_RESOURCE OFF

INSERT SYS_RESOURCE_TO_ROLE (ROLE_ID, RESOURCE_ID) VALUES (1, 107);

SET IDENTITY_INSERT SYS_RESOURCE_LOCALE ON
INSERT SYS_RESOURCE_LOCALE (ID, RESOURCE_ID, RESOURCE_NAME, RESOURCE_LOCALE) VALUES (425, 107, '签到管理', 'zh_CN');
INSERT SYS_RESOURCE_LOCALE (ID, RESOURCE_ID, RESOURCE_NAME, RESOURCE_LOCALE) VALUES (426, 107, '簽到管理', 'zh_TW');
INSERT SYS_RESOURCE_LOCALE (ID, RESOURCE_ID, RESOURCE_NAME, RESOURCE_LOCALE) VALUES (427, 107, 'Checkins Manage', 'en');
SET IDENTITY_INSERT SYS_RESOURCE_LOCALE OFF

/* 2018-12-04 增加报表设计模块 */
SET IDENTITY_INSERT SYS_RESOURCE ON
INSERT SYS_RESOURCE (ID, RESOURCE_NAME, RESOURCE_SIGN, RESOURCE_TYPE, PARENT_ID, RESOURCE_ICON, OPEN_TYPE, RESOURCE_STATUS, RESOURCE_NO, RESOURCE_URL, RESOURCE_LEVEL, CREATE_USER, CREATE_TIME, REMARK, LAST_UPDATE_USER, LAST_UPDATE_TIME, VERSION, LOG_RULE) VALUES (108, '报表设计', 'RES_REPORT_MNG', '0', 2, 'icon-checkins', NULL, '1', 107, '/ureport/designer', '2', 1, getdate(), NULL, NULL, NULL, 1, '报表设计');
SET IDENTITY_INSERT SYS_RESOURCE OFF

INSERT SYS_RESOURCE_TO_ROLE (ROLE_ID, RESOURCE_ID) VALUES (1, 108);

SET IDENTITY_INSERT SYS_RESOURCE_LOCALE ON
INSERT SYS_RESOURCE_LOCALE (ID, RESOURCE_ID, RESOURCE_NAME, RESOURCE_LOCALE) VALUES (428, 108, '报表设计', 'zh_CN');
INSERT SYS_RESOURCE_LOCALE (ID, RESOURCE_ID, RESOURCE_NAME, RESOURCE_LOCALE) VALUES (429, 108, '報表設計', 'zh_TW');
INSERT SYS_RESOURCE_LOCALE (ID, RESOURCE_ID, RESOURCE_NAME, RESOURCE_LOCALE) VALUES (430, 108, 'Report Design', 'en');
SET IDENTITY_INSERT SYS_RESOURCE_LOCALE OFF
